STATEFP,COUNTYFP,TRACTCE,POPULATION,LATITUDE,LONGITUDE
8,1,7801,3732,39.742087,-104.876782
8,1,7802,3758,39.741831,-104.854772
8,1,7900,5555,39.74764,-104.874142
8,1,8000,5742,39.748412,-104.856506
8,1,8100,854,39.747862,-104.836781
8,1,8200,5484,39.758587,-104.832799
8,1,8308,5557,39.747325,-104.818815
8,1,8309,3254,39.744478,-104.791524
8,1,8353,6044,39.761046,-104.756492
8,1,8401,4315,39.828529,-104.483619
8,1,8402,4352,39.784853,-104.303945
8,1,8505,6655,39.89264,-104.976904
8,1,8506,5383,39.907275,-104.983001
8,1,8507,6099,39.906952,-104.968894
8,1,8508,5342,39.907774,-104.949652
8,1,8523,7586,39.96089,-104.751456
8,1,8524,7814,39.937826,-104.931956
8,1,8526,6742,39.936872,-104.973095
8,1,8529,7446,39.919426,-104.954454
8,1,8533,7650,39.891207,-104.951991
8,1,8534,4283,39.893649,-104.931483
8,1,8535,3298,39.896126,-104.876823
8,1,8536,2443,39.908983,-104.805726
8,1,8537,6047,39.905036,-104.853104
8,1,8538,5305,39.88679,-104.791168
8,1,8539,8437,39.879528,-104.820525
8,1,8540,6408,39.938032,-104.911317
8,1,8541,4277,39.976281,-104.88168
8,1,8542,7036,39.987112,-104.755593
8,1,8543,6935,39.981568,-104.787099
8,1,8544,4181,39.948048,-104.949474
8,1,8545,6769,39.935084,-104.950924
8,1,8546,2912,39.924565,-104.932235
8,1,8547,3525,39.917592,-104.931391
8,1,8548,1499,39.924809,-104.916842
8,1,8549,3906,39.917657,-104.914517
8,1,8550,7987,39.906605,-104.928327
8,1,8551,571,39.916542,-104.898548
8,1,8603,2055,39.990845,-104.816736
8,1,8604,4923,39.992857,-104.80365
8,1,8605,3679,39.979942,-104.804403
8,1,8606,5931,39.979172,-104.823982
8,1,8705,4921,39.819,-104.919987
8,1,8706,5436,39.823758,-104.907004
8,1,8709,7656,39.806195,-104.913838
8,1,8801,4752,39.838668,-104.908364
8,1,8802,4075,39.845228,-104.917562
8,1,8901,2316,39.82198,-104.936138
8,1,9001,4645,39.853017,-104.96935
8,1,9002,9203,39.843383,-104.969221
8,1,9101,4112,39.862301,-104.959144
8,1,9103,3462,39.877162,-104.929731
8,1,9104,5200,39.865283,-104.940409
8,1,9202,4242,39.864435,-104.970152
8,1,9203,4222,39.863722,-104.982395
8,1,9204,6500,39.878059,-104.967707
8,1,9206,2021,39.880606,-104.949513
8,1,9207,4429,39.873161,-104.948511
8,1,9304,5400,39.873722,-104.996552
8,1,9306,3692,39.842978,-104.999151
8,1,9307,3774,39.841521,-104.988308
8,1,9308,4087,39.832842,-104.995747
8,1,9309,3613,39.842661,-105.020318
8,1,9310,5827,39.838875,-105.010711
8,1,9316,5751,39.867752,-105.011107
8,1,9318,5664,39.856113,-105.002074
8,1,9319,2605,39.861323,-105.015356
8,1,9320,2672,39.853122,-105.01547
8,1,9321,3782,39.877303,-105.019968
8,1,9322,4246,39.877657,-105.010762
8,1,9323,3728,39.899849,-104.993034
8,1,9325,5063,39.905961,-105.013442
8,1,9326,2554,39.892438,-105.019863
8,1,9327,4124,39.891759,-105.005819
8,1,9401,4903,39.848069,-105.03749
8,1,9406,4259,39.866813,-105.035982
8,1,9407,5227,39.859975,-105.035348
8,1,9408,4260,39.907363,-105.038796
8,1,9409,5248,39.892586,-105.036927
8,1,9410,3316,39.878701,-105.042793
8,1,9411,2959,39.877315,-105.029995
8,1,9501,3156,39.830161,-105.017362
8,1,9502,3633,39.821662,-105.015699
8,1,9553,2959,39.824663,-104.99949
8,1,9603,5921,39.843305,-105.047533
8,1,9604,4569,39.831673,-105.039649
8,1,9606,2794,39.817935,-105.029506
8,1,9607,4931,39.820459,-105.042774
8,1,9608,2849,39.812324,-105.048605
8,1,9751,3626,39.794849,-105.039766
8,1,9752,3061,39.796059,-105.01458
8,1,15000,2495,39.838133,-104.957492
8,1,60000,4747,39.964965,-104.969777
8,1,60100,6170,39.939254,-105.006879
8,1,60200,3681,39.920247,-104.995408
8,1,61200,1294,39.994569,-104.962511
8,1,988700,0,39.835312,-104.840933
8,3,960000,1775,37.596297,-105.8302
8,3,960100,2532,37.463158,-105.92105
8,3,960200,6342,37.476384,-105.874285
8,3,960300,4796,37.460514,-105.875412
8,5,4951,1883,39.697627,-104.93078
8,5,4952,2301,39.702222,-104.933536
8,5,5551,3224,39.662598,-105.018786
8,5,5552,2414,39.648831,-105.029361
8,5,5553,3594,39.632873,-105.027419
8,5,5611,4747,39.601003,-104.974686
8,5,5612,3616,39.616959,-104.976883
8,5,5614,3146,39.602525,-104.950701
8,5,5619,4574,39.618626,-105.03911
8,5,5620,2539,39.619811,-105.024771
8,5,5621,2899,39.598908,-105.048488
8,5,5622,2326,39.59093,-105.041471
8,5,5623,3547,39.589866,-105.017314
8,5,5624,2106,39.586705,-104.996849
8,5,5625,2899,39.588815,-104.981297
8,5,5626,3210,39.587715,-104.967484
8,5,5627,4271,39.587417,-104.950714
8,5,5628,5609,39.588227,-104.931397
8,5,5629,2215,39.573749,-104.929614
8,5,5630,5322,39.572886,-104.95141
8,5,5631,3028,39.573339,-104.967102
8,5,5632,3189,39.572806,-104.978175
8,5,5633,3002,39.577895,-105.001975
8,5,5634,2959,39.573556,-105.019066
8,5,5635,4789,39.602444,-104.931749
8,5,5636,1825,39.615998,-104.935337
8,5,5700,3593,39.65935,-104.99547
8,5,5800,2391,39.663721,-104.978764
8,5,5951,4032,39.655558,-104.978777
8,5,5952,3091,39.656154,-104.966435
8,5,6000,2693,39.647069,-104.992826
8,5,6100,2672,39.645433,-104.982628
8,5,6200,2864,39.637726,-104.995171
8,5,6300,2621,39.631698,-104.983062
8,5,6400,2975,39.628314,-104.995195
8,5,6501,1678,39.614834,-105.016402
8,5,6502,3171,39.608422,-105.010847
8,5,6601,5610,39.618673,-104.995986
8,5,6603,3210,39.596298,-104.996644
8,5,6604,3761,39.608692,-104.997417
8,5,6704,4239,39.639622,-104.935442
8,5,6705,1748,39.634329,-104.969825
8,5,6706,4720,39.588931,-104.912724
8,5,6707,4530,39.586809,-104.894582
8,5,6708,4979,39.573396,-104.91314
8,5,6709,4882,39.57365,-104.894058
8,5,6711,3869,39.60188,-104.913236
8,5,6712,1219,39.616541,-104.912458
8,5,6713,1209,39.598927,-104.901492
8,5,6808,5475,39.615864,-104.86396
8,5,6815,4057,39.599369,-104.871865
8,5,6854,2383,39.636764,-104.876361
8,5,6855,5097,39.60378,-104.851496
8,5,6856,7648,39.577954,-104.821933
8,5,6857,2158,39.610881,-104.880869
8,5,6858,4143,39.612481,-104.887712
8,5,7101,5107,39.674767,-104.250334
8,5,7103,1585,39.692402,-104.524851
8,5,7104,4958,39.696631,-104.724187
8,5,7105,3103,39.725471,-104.694432
8,5,7106,4294,39.621018,-104.694789
8,5,7107,4430,39.595228,-104.685623
8,5,7201,3589,39.723868,-104.870996
8,5,7202,3915,39.732982,-104.875797
8,5,7301,2548,39.7376,-104.837507
8,5,7302,4927,39.738284,-104.864594
8,5,7400,4992,39.730703,-104.857956
8,5,7500,2458,39.733355,-104.839717
8,5,7600,3256,39.729886,-104.833301
8,5,7702,4168,39.721378,-104.83386
8,5,7703,4075,39.719202,-104.859219
8,5,7704,4797,39.715238,-104.851809
8,5,15100,2521,39.667475,-104.921254
8,5,80000,3437,39.707419,-104.856167
8,5,80100,4277,39.700048,-104.856219
8,5,80200,5086,39.688549,-104.856175
8,5,80300,5701,39.675671,-104.85375
8,5,80400,4500,39.66428,-104.845941
8,5,80500,3059,39.671802,-104.837631
8,5,80600,3730,39.678378,-104.837838
8,5,80700,5545,39.691416,-104.839148
8,5,80800,2661,39.70023,-104.841083
8,5,80900,3977,39.70682,-104.837818
8,5,81000,5450,39.718381,-104.817495
8,5,81100,5376,39.699346,-104.817959
8,5,81200,4462,39.688597,-104.82312
8,5,81300,3119,39.689797,-104.814251
8,5,81400,4171,39.675027,-104.817843
8,5,81500,3039,39.663307,-104.828073
8,5,81600,4859,39.659244,-104.809429
8,5,81700,2782,39.622786,-104.800444
8,5,81800,5421,39.732624,-104.818161
8,5,81900,6332,39.733636,-104.800918
8,5,82000,3797,39.713059,-104.801939
8,5,82100,6750,39.701671,-104.802946
8,5,82200,5627,39.690946,-104.800198
8,5,82300,3636,39.680208,-104.803944
8,5,82400,4265,39.673769,-104.799075
8,5,82500,2310,39.661233,-104.795667
8,5,82600,5059,39.701096,-104.780502
8,5,82700,3499,39.691142,-104.785201
8,5,82800,5030,39.686014,-104.779333
8,5,82900,4522,39.688613,-104.764834
8,5,83000,3245,39.66115,-104.74757
8,5,83100,6739,39.674531,-104.763191
8,5,83200,8692,39.64557,-104.740229
8,5,83300,4399,39.662295,-104.780213
8,5,83400,6685,39.660921,-104.762568
8,5,83500,5274,39.673993,-104.782095
8,5,83600,3661,39.633967,-104.82252
8,5,83700,4356,39.622562,-104.817249
8,5,83800,2842,39.645758,-104.813311
8,5,83900,2853,39.643252,-104.82356
8,5,84000,2327,39.646904,-104.794374
8,5,84100,4435,39.648382,-104.781559
8,5,84200,3548,39.641682,-104.779807
8,5,84300,3456,39.648385,-104.764462
8,5,84400,3143,39.643863,-104.758431
8,5,84500,2708,39.656206,-104.783761
8,5,84600,5196,39.634743,-104.804414
8,5,84700,4665,39.644941,-104.803016
8,5,84800,3444,39.62749,-104.766137
8,5,84900,3066,39.615346,-104.801946
8,5,85000,1805,39.606274,-104.80399
8,5,85100,6698,39.603188,-104.778661
8,5,85200,2809,39.601934,-104.750418
8,5,85300,2284,39.597386,-104.725636
8,5,85400,4320,39.620377,-104.765649
8,5,85500,5316,39.616088,-104.782779
8,5,85600,3203,39.611663,-104.765637
8,5,85700,4611,39.629511,-104.785003
8,5,85800,1706,39.634945,-104.765051
8,5,85900,3248,39.632015,-104.750405
8,5,86000,7684,39.614518,-104.724393
8,5,86100,4784,39.610585,-104.734524
8,5,86200,5814,39.619352,-104.74746
8,5,86300,3696,39.58509,-104.797689
8,5,86400,1980,39.583326,-104.764076
8,5,86500,4632,39.588075,-104.730572
8,5,86600,4075,39.576735,-104.718686
8,5,86700,3611,39.585661,-104.697451
8,5,86800,6106,39.69317,-104.890316
8,5,86900,2823,39.686686,-104.881436
8,5,87000,4550,39.691036,-104.871335
8,5,87100,2505,39.681415,-104.872188
8,5,87200,3768,39.678935,-104.892113
8,5,87300,7087,39.669765,-104.894542
8,7,940400,1188,37.096968,-107.266759
8,7,974200,5349,37.27224,-107.100054
8,7,974300,3487,37.225659,-107.060243
8,7,974400,2060,37.263558,-106.982952
8,9,964600,1738,37.323862,-102.436508
8,9,964700,2050,37.405828,-102.603968
8,11,966700,6499,38.072386,-103.1631
8,13,12101,4770,40.027995,-105.288126
8,13,12102,6466,40.029661,-105.270057
8,13,12103,3804,40.043271,-105.264615
8,13,12104,2538,40.049773,-105.287102
8,13,12105,5589,40.051252,-105.276993
8,13,12201,3388,40.009855,-105.286956
8,13,12202,5847,40.017855,-105.266696
8,13,12203,6081,40.032245,-105.247747
8,13,12204,3556,40.017087,-105.280125
8,13,12300,6196,40.008397,-105.266545
8,13,12401,5699,40.005083,-105.275505
8,13,12501,2451,39.993653,-105.228228
8,13,12505,4102,39.988663,-105.264185
8,13,12507,4202,39.992111,-105.251037
8,13,12508,2833,39.981031,-105.240495
8,13,12509,3247,39.977153,-105.252777
8,13,12510,4316,39.966551,-105.257785
8,13,12511,6265,39.995542,-105.242574
8,13,12603,3384,40.009625,-105.231991
8,13,12605,1529,40.009822,-105.254998
8,13,12607,4258,40.004591,-105.254215
8,13,12608,2239,40.003543,-105.242033
8,13,12701,5448,40.062833,-105.24772
8,13,12705,3507,40.060983,-105.209136
8,13,12707,2194,40.031284,-105.191824
8,13,12708,5123,40.064173,-105.189224
8,13,12709,1811,40.060496,-105.167432
8,13,12710,3685,39.995932,-105.198568
8,13,12800,10822,40.037364,-105.081026
8,13,12903,2195,40.005175,-105.121225
8,13,12904,5156,39.993281,-105.112803
8,13,12905,2481,39.995303,-105.096455
8,13,12907,2922,40.006709,-105.090636
8,13,13003,5452,39.996305,-105.146382
8,13,13004,3414,39.981214,-105.155222
8,13,13005,3084,39.980556,-105.139801
8,13,13006,5304,39.971156,-105.148601
8,13,13201,1531,40.222194,-105.118032
8,13,13202,1375,40.148357,-105.225248
8,13,13205,5078,40.096101,-105.162654
8,13,13207,4276,40.196608,-105.14044
8,13,13208,5755,40.181908,-105.141334
8,13,13210,5032,40.145377,-105.110305
8,13,13211,5612,40.132669,-105.107011
8,13,13212,4345,40.149215,-105.143287
8,13,13213,7271,40.144182,-105.161033
8,13,13302,5132,40.167785,-105.114605
8,13,13305,4859,40.197193,-105.123789
8,13,13306,4589,40.195789,-105.110012
8,13,13307,3604,40.180861,-105.124141
8,13,13308,3465,40.181248,-105.109227
8,13,13401,3275,40.168456,-105.094758
8,13,13402,7573,40.167916,-105.074991
8,13,13503,5478,40.182203,-105.095451
8,13,13505,3831,40.195601,-105.096988
8,13,13506,4058,40.194367,-105.084038
8,13,13507,3397,40.181842,-105.081814
8,13,13508,6575,40.184383,-105.067441
8,13,13601,3831,40.215652,-105.2632
8,13,13602,912,40.187387,-105.47542
8,13,13701,6334,40.071203,-105.337312
8,13,13702,5952,39.972701,-105.442367
8,13,60600,5325,39.941159,-105.153933
8,13,60700,3091,39.961007,-105.149213
8,13,60800,6107,39.98961,-105.081499
8,13,60900,4139,39.978093,-105.103202
8,13,61300,3417,39.935189,-105.156521
8,13,61400,3990,39.922813,-105.155244
8,14,30000,3378,39.918907,-105.079709
8,14,30100,2183,39.926294,-105.082592
8,14,30200,1672,39.910479,-105.068312
8,14,30300,3707,39.92424,-105.057348
8,14,30400,3789,39.937044,-105.060899
8,14,30500,5911,39.947764,-105.044374
8,14,30600,6166,39.935452,-105.02443
8,14,30700,2988,39.925263,-105.023762
8,14,30800,5420,39.922616,-105.043346
8,14,30900,5938,39.941194,-105.074131
8,14,31000,4841,39.951386,-105.025332
8,14,31100,2606,39.915793,-105.133148
8,14,31200,3059,39.932592,-105.102571
8,14,31300,1648,39.968056,-105.039912
8,14,31400,2583,39.995731,-105.033239
8,14,980100,0,39.957959,-105.102145
8,14,980200,0,39.964927,-105.07478
8,14,980300,0,39.954316,-105.115308
8,15,100,2541,38.53411,-105.992067
8,15,200,4305,38.527576,-106.008295
8,15,300,2909,38.582825,-106.087185
8,15,401,4531,38.841687,-106.173507
8,15,402,3523,38.826064,-106.118879
8,17,960600,1836,38.816795,-102.45777
8,19,14700,4959,39.690923,-105.460058
8,19,14800,1610,39.743438,-105.517032
8,19,14900,2519,39.736854,-105.674807
8,21,974800,3887,37.13039,-105.98044
8,21,974900,4369,37.253714,-105.996721
8,23,972600,1646,37.428203,-105.456713
8,23,972700,1878,37.153443,-105.441284
8,25,969600,5823,38.188547,-103.857439
8,27,970100,4255,38.134216,-105.381557
8,29,964600,4003,38.863723,-107.601173
8,29,964700,4092,38.837299,-107.970089
8,29,964800,3493,38.744744,-108.089742
8,29,964900,5805,38.733085,-108.024957
8,29,965000,5017,38.78557,-107.720203
8,29,965100,4078,38.727585,-108.068119
8,29,965200,4464,38.911339,-107.913847
8,31,102,3109,39.779128,-105.039282
8,31,201,3874,39.787871,-105.014957
8,31,202,3916,39.779462,-105.013777
8,31,301,5003,39.772823,-105.039517
8,31,302,4036,39.764101,-105.045981
8,31,303,4504,39.763978,-105.032297
8,31,401,3209,39.772915,-105.017857
8,31,402,5314,39.763257,-105.017072
8,31,501,1814,39.754652,-105.045185
8,31,502,5424,39.753253,-105.032702
8,31,600,2552,39.753517,-105.022045
8,31,701,4166,39.739194,-105.04672
8,31,702,5574,39.740221,-105.032122
8,31,800,1448,39.733371,-105.021043
8,31,902,5376,39.718612,-105.0463
8,31,903,6111,39.717573,-105.033216
8,31,904,5127,39.729992,-105.046799
8,31,905,3631,39.730514,-105.03294
8,31,1000,3941,39.715373,-105.018698
8,31,1101,2601,39.773168,-105.005121
8,31,1102,3115,39.763942,-105.006291
8,31,1301,4972,39.703928,-105.018942
8,31,1302,3926,39.70312,-105.006287
8,31,1401,5750,39.693547,-105.013362
8,31,1402,4070,39.685693,-105.016537
8,31,1403,2218,39.679282,-104.991035
8,31,1500,3687,39.780494,-104.985556
8,31,1600,7685,39.75902,-104.986389
8,31,1701,4350,39.752854,-105.000629
8,31,1702,3648,39.746718,-104.994045
8,31,1800,3209,39.732937,-104.996635
8,31,1901,2910,39.733903,-105.003156
8,31,1902,705,39.742581,-105.010669
8,31,2000,1577,39.732851,-104.990173
8,31,2100,4879,39.719387,-104.992935
8,31,2300,4831,39.756496,-104.967002
8,31,2402,1687,39.75088,-104.975674
8,31,2403,3338,39.753533,-104.979418
8,31,2601,3087,39.743782,-104.983108
8,31,2602,2736,39.744281,-104.97772
8,31,2701,4600,39.735396,-104.982434
8,31,2702,5323,39.730028,-104.980062
8,31,2703,4785,39.735589,-104.976527
8,31,2801,2583,39.724523,-104.978224
8,31,2802,4213,39.717159,-104.983838
8,31,2803,4158,39.716115,-104.976941
8,31,2901,2602,39.704902,-104.983562
8,31,2902,3791,39.702342,-104.976792
8,31,3001,5393,39.686304,-104.981034
8,31,3002,2553,39.673495,-104.980739
8,31,3003,3138,39.682783,-104.966057
8,31,3004,6237,39.671423,-104.965229
8,31,3101,1455,39.749186,-104.966361
8,31,3102,3389,39.742634,-104.965954
8,31,3201,4970,39.735521,-104.969866
8,31,3202,3001,39.735893,-104.962331
8,31,3203,3001,39.724346,-104.967092
8,31,3300,3099,39.729087,-104.949381
8,31,3401,2420,39.709991,-104.968115
8,31,3402,4485,39.698403,-104.964222
8,31,3500,6401,39.781791,-104.954228
8,31,3601,4651,39.766364,-104.966678
8,31,3602,4337,39.766455,-104.95011
8,31,3603,3106,39.75817,-104.95094
8,31,3701,2907,39.742358,-104.948891
8,31,3702,4357,39.736728,-104.954918
8,31,3703,2779,39.736148,-104.945453
8,31,3800,5589,39.719056,-104.947291
8,31,3901,4172,39.70504,-104.951165
8,31,3902,3892,39.690866,-104.951117
8,31,4002,3133,39.662392,-104.950679
8,31,4003,4121,39.659802,-104.930448
8,31,4004,1808,39.647323,-104.92136
8,31,4005,3002,39.680892,-104.951212
8,31,4006,4489,39.672685,-104.951492
8,31,4101,3648,39.76661,-104.930234
8,31,4102,4173,39.766261,-104.913972
8,31,4103,5093,39.756203,-104.93161
8,31,4104,4289,39.756638,-104.912465
8,31,4106,10138,39.760224,-104.873397
8,31,4107,3810,39.755433,-104.895944
8,31,4201,4481,39.745832,-104.931472
8,31,4202,4109,39.745731,-104.912569
8,31,4301,4469,39.732808,-104.935512
8,31,4302,2467,39.732923,-104.926604
8,31,4303,4067,39.719075,-104.930989
8,31,4304,5456,39.73272,-104.91388
8,31,4306,4807,39.717607,-104.912618
8,31,4403,4213,39.74448,-104.894134
8,31,4404,5978,39.736105,-104.892073
8,31,4405,7316,39.720917,-104.894324
8,31,4503,3974,39.700708,-105.04537
8,31,4504,3705,39.70761,-105.04629
8,31,4505,4357,39.707281,-105.032508
8,31,4506,3450,39.700807,-105.03209
8,31,4601,5415,39.689365,-105.045971
8,31,4602,7037,39.689406,-105.030929
8,31,4603,5327,39.674631,-105.032306
8,31,4700,6198,39.676043,-105.049579
8,31,4801,2858,39.661109,-105.047846
8,31,5001,2586,39.702835,-104.916778
8,31,5002,6612,39.698412,-104.907331
8,31,5102,3368,39.687194,-104.927021
8,31,5104,3111,39.684487,-104.936029
8,31,5200,3052,39.685763,-104.915327
8,31,5300,1206,39.672393,-104.935376
8,31,5502,1856,39.645388,-105.042331
8,31,5503,4644,39.633367,-105.039864
8,31,6701,2018,39.630977,-104.910073
8,31,6804,2184,39.629655,-104.889762
8,31,6809,6979,39.643019,-104.904057
8,31,6810,5207,39.645306,-104.888075
8,31,6811,5865,39.658523,-104.89497
8,31,6812,3108,39.659131,-104.911134
8,31,6813,3871,39.669901,-104.871744
8,31,6814,4703,39.658333,-104.876688
8,31,6901,5808,39.674233,-104.914357
8,31,7006,4464,39.656766,-104.858192
8,31,7013,3096,39.685887,-104.895429
8,31,7037,3763,39.70406,-104.87123
8,31,7088,4168,39.699242,-104.889851
8,31,7089,4725,39.705309,-104.882955
8,31,8304,3637,39.794246,-104.841399
8,31,8305,3963,39.794386,-104.828627
8,31,8306,5451,39.785214,-104.839991
8,31,8312,6825,39.777051,-104.826327
8,31,8386,4511,39.792512,-104.815337
8,31,8387,5961,39.783467,-104.818671
8,31,8388,6962,39.787269,-104.80185
8,31,8389,7516,39.790636,-104.74877
8,31,8390,7703,39.776639,-104.762963
8,31,8391,7020,39.775434,-104.744178
8,31,11902,6695,39.657835,-105.061936
8,31,11903,2194,39.665575,-105.075232
8,31,12001,2032,39.646512,-105.060065
8,31,12010,4995,39.62225,-105.07512
8,31,12014,6137,39.630732,-105.09812
8,31,15300,3832,39.702964,-104.927994
8,31,15400,3934,39.787375,-105.041016
8,31,15500,3313,39.694356,-104.935384
8,31,15600,6498,39.670991,-105.01975
8,31,15700,5535,39.66131,-105.032488
8,31,980000,1165,39.803221,-104.767105
8,31,980100,0,39.786619,-104.856595
8,33,100,2064,37.740817,-108.75741
8,35,13901,6540,39.537523,-104.731397
8,35,13904,3742,39.524884,-104.764954
8,35,13905,3733,39.512391,-104.751373
8,35,13907,4596,39.48948,-104.762635
8,35,13908,6306,39.454948,-104.730798
8,35,13909,6169,39.425726,-104.73033
8,35,13910,6263,39.505982,-104.739378
8,35,13911,6586,39.501526,-104.712013
8,35,14001,6242,39.558935,-104.795594
8,35,14005,4382,39.541222,-104.801451
8,35,14006,5205,39.505009,-104.799388
8,35,14007,2410,39.541351,-104.841118
8,35,14008,6637,39.526169,-104.803582
8,35,14009,3587,39.518232,-104.788393
8,35,14010,5466,39.535207,-104.787323
8,35,14011,1692,39.530912,-104.847795
8,35,14012,7440,39.448352,-104.828025
8,35,14013,3742,39.4227,-104.797316
8,35,14107,3718,39.559762,-104.974232
8,35,14108,4894,39.549653,-104.975501
8,35,14109,2259,39.546635,-104.957672
8,35,14110,5406,39.559308,-104.94886
8,35,14112,3834,39.548432,-104.919252
8,35,14113,2930,39.546283,-104.907589
8,35,14114,3517,39.555435,-104.894742
8,35,14115,4249,39.54344,-104.893949
8,35,14116,4440,39.546723,-104.876514
8,35,14122,6572,39.460143,-104.897604
8,35,14123,3087,39.422565,-104.882718
8,35,14124,5456,39.530376,-105.019543
8,35,14125,2579,39.498991,-104.886993
8,35,14126,1283,39.54397,-104.995062
8,35,14127,5220,39.481808,-104.907015
8,35,14128,4611,39.538101,-105.00257
8,35,14129,3740,39.532803,-104.992803
8,35,14130,7591,39.542406,-105.019347
8,35,14131,3283,39.557044,-105.01854
8,35,14132,5726,39.531403,-104.954692
8,35,14133,6346,39.539376,-104.980515
8,35,14134,5897,39.519825,-104.951877
8,35,14135,2412,39.509869,-104.993268
8,35,14136,8411,39.53515,-104.93414
8,35,14137,9410,39.52296,-104.927891
8,35,14138,2902,39.559368,-104.913443
8,35,14139,4052,39.553437,-104.933809
8,35,14140,5531,39.530657,-104.906622
8,35,14202,1845,39.41793,-105.007935
8,35,14203,6272,39.469929,-105.081155
8,35,14204,3188,39.479058,-105.066206
8,35,14300,730,39.285513,-105.139602
8,35,14403,5076,39.297923,-104.91045
8,35,14404,2323,39.249794,-104.978279
8,35,14405,7765,39.404771,-104.906958
8,35,14406,7382,39.389389,-104.896446
8,35,14503,5592,39.391106,-104.849771
8,35,14504,4647,39.367898,-104.844693
8,35,14505,4101,39.353032,-104.850129
8,35,14506,3435,39.276002,-104.837954
8,35,14602,2254,39.303732,-104.696639
8,35,14603,6739,39.3691,-104.808666
8,35,14604,4022,39.361692,-104.794997
8,37,100,1245,39.723094,-106.959009
8,37,200,6764,39.637688,-106.946861
8,37,301,5800,39.391509,-107.089321
8,37,302,2467,39.38416,-107.020525
8,37,401,5530,39.649863,-106.591022
8,37,402,4512,39.638959,-106.612483
8,37,403,8247,39.647278,-106.819109
8,37,501,977,39.626927,-106.540338
8,37,502,3231,39.612324,-106.4911
8,37,503,6445,39.640314,-106.53118
8,37,600,1398,39.561439,-106.414055
8,37,701,1270,39.62373,-106.418321
8,37,702,1479,39.635004,-106.312069
8,37,703,2832,39.638719,-106.397326
8,39,961100,2010,39.196719,-104.031589
8,39,961204,6687,39.505393,-104.589314
8,39,961205,1707,39.338227,-104.35948
8,39,961206,3412,39.402751,-104.636075
8,39,961207,3711,39.388705,-104.566915
8,39,961208,3208,39.329873,-104.596777
8,39,961209,2351,39.260168,-104.502687
8,41,101,5902,38.880112,-104.767882
8,41,102,3169,38.863404,-104.76719
8,41,202,4548,38.895813,-104.770246
8,41,203,3855,38.888914,-104.805015
8,41,301,2997,38.878689,-104.804194
8,41,302,3789,38.891374,-104.823555
8,41,400,2285,38.869364,-104.802156
8,41,500,1973,38.864884,-104.812837
8,41,600,3013,38.865122,-104.786254
8,41,700,3182,38.855388,-104.785431
8,41,800,2613,38.851414,-104.801833
8,41,900,2337,38.855074,-104.815192
8,41,1000,2303,38.859451,-104.823986
8,41,1101,1286,38.871734,-104.826069
8,41,1104,3156,38.866727,-104.840537
8,41,1301,2276,38.849216,-104.862702
8,41,1302,5068,38.855607,-104.854866
8,41,1400,3458,38.840916,-104.847223
8,41,1500,2368,38.840471,-104.83559
8,41,1600,3712,38.845204,-104.823296
8,41,1700,1564,38.844045,-104.814267
8,41,1800,1985,38.843676,-104.803576
8,41,1900,4326,38.845708,-104.783618
8,41,2000,6338,38.851263,-104.766148
8,41,2101,3672,38.833729,-104.784331
8,41,2102,4820,38.830169,-104.768917
8,41,2200,2737,38.830529,-104.812511
8,41,2300,1546,38.825969,-104.824571
8,41,2400,4589,38.83225,-104.861254
8,41,2501,3345,38.811597,-104.868287
8,41,2502,3804,38.808904,-104.848445
8,41,2700,2997,38.830495,-104.802381
8,41,2800,5595,38.815712,-104.789342
8,41,2900,5902,38.804114,-104.812188
8,41,3000,4555,38.808294,-104.831865
8,41,3100,4423,38.789881,-104.840502
8,41,3303,5405,38.782272,-104.802442
8,41,3305,6603,38.764886,-104.830463
8,41,3306,3064,38.728559,-104.835657
8,41,3307,3468,38.781147,-104.807684
8,41,3308,5845,38.771625,-104.806509
8,41,3400,3703,38.898642,-104.959892
8,41,3701,7513,39.097661,-104.889378
8,41,3702,5273,38.936982,-104.851757
8,41,3705,5533,38.938855,-104.841452
8,41,3706,4359,38.925194,-104.841765
8,41,3707,4242,38.928804,-104.875095
8,41,3708,2914,38.911915,-104.869056
8,41,3709,5971,38.910503,-104.849662
8,41,3801,2196,38.981895,-104.864117
8,41,3802,4486,39.008611,-104.886527
8,41,3902,9493,38.990606,-104.59467
8,41,3905,3548,38.93809,-104.791816
8,41,3906,5985,38.951143,-104.779853
8,41,3909,6535,39.038879,-104.383638
8,41,4008,1487,38.827355,-104.699523
8,41,4009,1602,38.784385,-104.754163
8,41,4100,4691,38.762729,-104.746752
8,41,4200,3837,38.757963,-104.733606
8,41,4300,6360,38.746695,-104.725585
8,41,4401,8339,38.742441,-104.804584
8,41,4402,5474,38.740453,-104.781376
8,41,4403,1477,38.66444,-104.822073
8,41,4501,6348,38.772007,-104.76866
8,41,4502,4366,38.771589,-104.729784
8,41,4503,12193,38.72273,-104.686866
8,41,4506,4780,38.7317,-104.71492
8,41,4507,3096,38.730257,-104.702448
8,41,4508,6507,38.697504,-104.707568
8,41,4510,7545,38.70268,-104.683983
8,41,4511,6897,38.653903,-104.682034
8,41,4601,4149,38.894873,-104.489673
8,41,4602,4289,38.79453,-104.283037
8,41,4603,4079,38.775438,-104.582507
8,41,4701,4680,38.923373,-104.781911
8,41,4702,2162,38.927154,-104.766422
8,41,4703,6182,38.92094,-104.762519
8,41,4705,7706,38.923393,-104.733386
8,41,4706,4994,38.933856,-104.734297
8,41,4800,4693,38.910056,-104.772293
8,41,4901,3601,38.900276,-104.75807
8,41,4902,5367,38.913455,-104.746766
8,41,5000,5150,38.85104,-104.704862
8,41,5104,6259,38.927422,-104.603812
8,41,5105,7154,38.904519,-104.708927
8,41,5106,9712,38.920273,-104.70661
8,41,5107,6963,38.911979,-104.690018
8,41,5108,8377,38.877115,-104.701287
8,41,5109,7285,38.893521,-104.696495
8,41,5110,4070,38.862281,-104.700639
8,41,5111,6571,38.858941,-104.681216
8,41,5201,4328,38.816491,-104.771061
8,41,5202,2466,38.819706,-104.763439
8,41,5300,4478,38.805437,-104.775257
8,41,5400,5615,38.802639,-104.764889
8,41,5501,4366,38.904155,-104.733179
8,41,5502,4369,38.888389,-104.748674
8,41,5601,4881,38.892592,-104.731572
8,41,5602,3076,38.879207,-104.726669
8,41,5700,5636,38.876178,-104.747954
8,41,5800,2933,38.876064,-104.733515
8,41,5900,6573,38.858876,-104.73626
8,41,6000,6188,38.848779,-104.746344
8,41,6100,4454,38.832254,-104.751652
8,41,6200,4669,38.830765,-104.741393
8,41,6301,4664,38.817199,-104.737261
8,41,6302,5106,38.819664,-104.74902
8,41,6400,6932,38.799068,-104.748586
8,41,6501,3299,38.798735,-104.737965
8,41,6502,6349,38.787091,-104.73745
8,41,6600,2539,38.862621,-104.871441
8,41,6700,5728,38.856547,-104.905107
8,41,6801,4032,38.936825,-104.765721
8,41,6802,3849,38.949949,-104.757965
8,41,6901,5494,38.948602,-104.732872
8,41,6902,4910,38.945974,-104.748434
8,41,7000,4455,38.968199,-104.778654
8,41,7101,4565,38.964292,-104.724494
8,41,7102,9449,38.966344,-104.75681
8,41,7201,6559,39.014376,-104.797519
8,41,7202,9317,39.043175,-104.821809
8,41,7300,9227,39.072905,-104.822555
8,41,7400,8095,39.111312,-104.834838
8,41,7500,7717,39.053784,-104.728462
8,41,7601,6301,38.971909,-104.646266
8,41,7602,3484,39.032925,-104.667443
8,41,7700,5413,38.91995,-104.798908
8,41,7800,4470,38.899551,-104.791188
8,41,7900,2216,38.883479,-104.861044
8,41,8000,3995,38.889021,-104.84124
8,43,978100,4385,38.438025,-105.010962
8,43,978200,3944,38.392331,-105.11578
8,43,978300,5626,38.461168,-105.207002
8,43,978400,2150,38.44239,-105.201272
8,43,978500,5902,38.464902,-105.237492
8,43,978600,3101,38.446384,-105.238654
8,43,978800,2490,38.432499,-105.234389
8,43,979000,3462,38.411395,-105.624577
8,43,979100,3342,38.424774,-105.207395
8,43,979200,1754,38.395719,-105.264362
8,43,979400,2722,38.360609,-105.137834
8,43,980100,945,38.440632,-105.249723
8,43,980200,3085,38.359508,-105.097928
8,43,980300,3916,38.430535,-105.156075
8,45,951600,3912,39.572034,-107.355142
8,45,951701,4136,39.522972,-107.322499
8,45,951702,3526,39.53946,-107.322933
8,45,951802,3564,39.468136,-107.289217
8,45,951803,5934,39.413401,-107.200584
8,45,951804,4202,39.399736,-107.21254
8,45,951901,4741,39.539494,-107.65087
8,45,951902,7097,39.576461,-107.534374
8,45,952001,5161,39.555706,-107.76145
8,45,952002,8075,39.538574,-107.782909
8,45,952100,6041,39.438801,-108.044653
8,47,13800,5441,39.85702,-105.48021
8,49,100,2911,40.057854,-106.367004
8,49,201,4817,40.144504,-105.887594
8,49,202,7115,39.983616,-105.874661
8,51,963600,3794,38.570282,-106.892898
8,51,963700,6124,38.547995,-106.931664
8,51,963800,4501,38.86044,-106.945409
8,51,963900,905,38.761373,-107.247808
8,53,973100,843,37.996875,-107.29653
8,55,960600,3273,37.627872,-104.783413
8,55,960900,3438,37.605306,-104.980122
8,57,955600,1394,40.692851,-106.291292
8,59,9806,3541,39.756784,-105.156254
8,59,9807,1611,39.747494,-105.145731
8,59,9808,5714,39.81443,-105.289826
8,59,9815,4956,39.849025,-105.128272
8,59,9823,4659,39.885021,-105.121849
8,59,9824,5028,39.886426,-105.106768
8,59,9827,6180,39.871188,-105.069583
8,59,9828,5344,39.866606,-105.095291
8,59,9829,1857,39.874434,-105.104562
8,59,9830,2046,39.858373,-105.094579
8,59,9831,2190,39.861488,-105.074906
8,59,9832,2501,39.847915,-105.058544
8,59,9833,5555,39.849545,-105.072435
8,59,9834,4307,39.851457,-105.089775
8,59,9835,3575,39.847484,-105.101988
8,59,9836,3796,39.833667,-105.144246
8,59,9837,2750,39.833889,-105.186339
8,59,9838,4360,39.81892,-105.183887
8,59,9839,2484,39.821804,-105.156256
8,59,9840,3685,39.817698,-105.145263
8,59,9841,2201,39.820418,-105.133312
8,59,9842,2942,39.802456,-105.184336
8,59,9843,7375,39.787197,-105.216462
8,59,9845,4010,39.690601,-105.270003
8,59,9846,4786,39.66524,-105.330396
8,59,9847,3269,39.665842,-105.346582
8,59,9848,2519,39.672969,-105.36593
8,59,9849,5718,39.729149,-105.214167
8,59,9850,2553,39.721203,-105.270161
8,59,9851,3908,39.80794,-105.151921
8,59,9852,3528,39.79082,-105.156412
8,59,9900,2451,39.745037,-105.199615
8,59,10000,4535,39.7434,-105.212222
8,59,10100,4360,39.735202,-105.178667
8,59,10205,2326,39.836161,-105.118386
8,59,10206,3942,39.836006,-105.096949
8,59,10208,5707,39.827925,-105.071588
8,59,10209,6152,39.835279,-105.062086
8,59,10210,3460,39.820014,-105.097617
8,59,10211,3093,39.817016,-105.085155
8,59,10212,4481,39.810985,-105.073459
8,59,10213,4786,39.813544,-105.061087
8,59,10303,5333,39.820299,-105.120472
8,59,10304,2819,39.810982,-105.106578
8,59,10305,3641,39.806896,-105.090532
8,59,10306,2750,39.806377,-105.131069
8,59,10307,4579,39.806976,-105.116029
8,59,10308,5426,39.796883,-105.110663
8,59,10402,5080,39.790406,-105.098842
8,59,10403,5279,39.779992,-105.109796
8,59,10405,2514,39.793797,-105.083196
8,59,10406,2428,39.794124,-105.065444
8,59,10502,5100,39.77119,-105.091949
8,59,10503,4462,39.767439,-105.123518
8,59,10504,2835,39.758377,-105.125815
8,59,10603,3137,39.772921,-105.065542
8,59,10604,2310,39.780514,-105.071746
8,59,10701,3905,39.763415,-105.073221
8,59,10702,5060,39.760858,-105.059842
8,59,10801,2497,39.751364,-105.123374
8,59,10901,4793,39.731152,-105.140931
8,59,10902,2310,39.73229,-105.115316
8,59,11000,5500,39.747684,-105.096347
8,59,11100,6135,39.733764,-105.093025
8,59,11202,4567,39.717592,-105.094281
8,59,11300,3115,39.751062,-105.06272
8,59,11401,2822,39.743903,-105.060221
8,59,11402,3839,39.746376,-105.073228
8,59,11550,6198,39.734564,-105.06803
8,59,11601,4021,39.722279,-105.064883
8,59,11602,4006,39.714774,-105.067902
8,59,11701,4376,39.703849,-105.09614
8,59,11702,5382,39.689524,-105.091327
8,59,11708,4074,39.70447,-105.121892
8,59,11709,3362,39.691748,-105.120843
8,59,11710,3937,39.688573,-105.110458
8,59,11711,4017,39.697642,-105.135976
8,59,11712,4061,39.685563,-105.144017
8,59,11720,5177,39.709303,-105.164988
8,59,11721,2686,39.718062,-105.160514
8,59,11723,3110,39.706712,-105.142969
8,59,11724,4340,39.671146,-105.161015
8,59,11725,1776,39.676446,-105.152703
8,59,11726,5754,39.675487,-105.131873
8,59,11727,3641,39.6773,-105.095652
8,59,11728,2566,39.670394,-105.093306
8,59,11729,3871,39.657997,-105.089779
8,59,11730,3618,39.658304,-105.101579
8,59,11731,4227,39.660358,-105.116025
8,59,11732,4331,39.721587,-105.141292
8,59,11733,1530,39.714683,-105.142512
8,59,11803,5276,39.693118,-105.066444
8,59,11804,3915,39.686275,-105.068373
8,59,11805,4628,39.704347,-105.076203
8,59,11806,4829,39.70399,-105.064615
8,59,11904,2030,39.652451,-105.069629
8,59,11951,3103,39.67454,-105.060919
8,59,12022,5518,39.58608,-105.123443
8,59,12023,3386,39.586503,-105.099232
8,59,12024,4988,39.573248,-105.119578
8,59,12026,3368,39.619737,-105.302438
8,59,12027,2952,39.624656,-105.243587
8,59,12030,3719,39.60799,-105.35698
8,59,12031,3739,39.565779,-105.343774
8,59,12032,2574,39.560424,-105.281349
8,59,12033,2860,39.540247,-105.238762
8,59,12034,3459,39.605993,-105.180443
8,59,12035,5294,39.575454,-105.164394
8,59,12036,3707,39.521609,-105.129679
8,59,12037,3331,39.503619,-105.360391
8,59,12038,3160,39.633634,-105.150113
8,59,12039,5312,39.631263,-105.136334
8,59,12041,5253,39.632263,-105.113893
8,59,12042,3851,39.615894,-105.120654
8,59,12043,5124,39.616673,-105.138008
8,59,12044,3730,39.601383,-105.13755
8,59,12045,5909,39.602853,-105.120768
8,59,12046,2207,39.605791,-105.100011
8,59,12047,4053,39.596742,-105.101183
8,59,12048,2418,39.599855,-105.083179
8,59,12049,3752,39.602119,-105.064011
8,59,12050,3942,39.619347,-105.071396
8,59,12051,3425,39.586974,-105.062706
8,59,12052,5326,39.587577,-105.081841
8,59,12053,3794,39.573981,-105.064292
8,59,12054,4150,39.617882,-105.103111
8,59,12055,3706,39.569465,-105.077779
8,59,12057,5705,39.561534,-105.09889
8,59,12058,3660,39.452873,-105.314835
8,59,12059,3245,39.573609,-105.09022
8,59,12060,3336,39.571696,-105.102523
8,59,15800,3523,39.744712,-105.125395
8,59,15900,3411,39.647442,-105.097473
8,59,60300,4687,39.905394,-105.06149
8,59,60400,3482,39.89363,-105.062954
8,59,60500,4040,39.869434,-105.125422
8,59,980000,0,39.717174,-105.120283
8,59,980400,1128,39.641912,-105.102839
8,61,960100,1398,38.470657,-102.680579
8,63,962100,5597,39.308862,-102.271157
8,63,962200,1485,39.310748,-102.604045
8,63,962300,1188,39.312778,-103.000748
8,65,961700,5140,39.24998,-106.300309
8,65,961900,2170,39.236133,-106.326417
8,67,940300,5575,37.138595,-107.63444
8,67,940400,5375,37.145525,-107.925422
8,67,970600,8877,37.280373,-107.623989
8,67,970701,4547,37.286668,-107.972788
8,67,970703,5144,37.288463,-107.813459
8,67,970704,3758,37.435059,-107.804794
8,67,970800,6718,37.288231,-107.856687
8,67,970900,3851,37.301641,-107.87048
8,67,971000,3154,37.287027,-107.882
8,67,971100,4335,37.263999,-107.879754
8,69,100,2487,40.583335,-105.076342
8,69,201,2461,40.581882,-105.088902
8,69,202,2594,40.591649,-105.089026
8,69,300,2851,40.599806,-105.121939
8,69,401,1850,40.5922,-105.102121
8,69,402,2578,40.586203,-105.113223
8,69,503,5082,40.577516,-105.10413
8,69,504,2820,40.571304,-105.105591
8,69,505,3229,40.577714,-105.122466
8,69,506,2818,40.571679,-105.124574
8,69,600,6073,40.57319,-105.089733
8,69,700,2733,40.574636,-105.071779
8,69,801,1560,40.573789,-105.062426
8,69,802,1214,40.570602,-105.051904
8,69,901,4868,40.559738,-105.067518
8,69,902,3358,40.560288,-105.049969
8,69,1003,5080,40.54616,-105.066422
8,69,1004,3351,40.544542,-105.051137
8,69,1007,3002,40.52898,-105.067134
8,69,1008,1921,40.527631,-105.05258
8,69,1009,6149,40.508067,-105.068496
8,69,1010,2753,40.511486,-105.052969
8,69,1104,5671,40.56088,-105.12578
8,69,1106,5246,40.54458,-105.088781
8,69,1107,5329,40.545149,-105.105039
8,69,1109,4961,40.530648,-105.089219
8,69,1110,4884,40.561127,-105.105162
8,69,1111,2056,40.562483,-105.092184
8,69,1112,4646,40.540445,-105.122547
8,69,1113,3636,40.529817,-105.106772
8,69,1114,2311,40.516599,-105.094668
8,69,1301,3697,40.639674,-105.128276
8,69,1304,2834,40.611678,-105.082844
8,69,1305,2189,40.605453,-105.065653
8,69,1306,2003,40.590213,-105.047128
8,69,1307,4161,40.60628,-105.033409
8,69,1308,4501,40.62853,-105.053306
8,69,1601,1681,40.577139,-105.022221
8,69,1602,4573,40.545492,-105.031291
8,69,1603,5222,40.531516,-105.031642
8,69,1605,3189,40.536378,-105.019963
8,69,1606,2935,40.511108,-105.042836
8,69,1607,3726,40.515053,-105.028754
8,69,1608,5116,40.495167,-105.018219
8,69,1704,7876,40.396149,-105.056907
8,69,1706,6647,40.414719,-105.056595
8,69,1707,5200,40.435789,-105.071239
8,69,1708,3236,40.489351,-105.060949
8,69,1709,11580,40.435967,-105.017323
8,69,1804,3711,40.420751,-105.083129
8,69,1806,7133,40.431356,-105.106725
8,69,1807,5566,40.438045,-105.08703
8,69,1808,4707,40.409112,-105.159039
8,69,1809,10495,40.470307,-105.1169
8,69,1901,3846,40.402418,-105.095305
8,69,1902,4466,40.412859,-105.108043
8,69,1903,3765,40.368555,-105.34935
8,69,2005,5130,40.385241,-105.106833
8,69,2007,3144,40.395818,-105.080059
8,69,2008,3498,40.371541,-105.086612
8,69,2010,2518,40.373951,-105.155514
8,69,2011,5231,40.37511,-105.112294
8,69,2300,3340,40.577905,-105.164073
8,69,2401,1217,40.82993,-105.510945
8,69,2402,2963,40.680093,-105.36184
8,69,2501,7573,40.52957,-104.979132
8,69,2502,8118,40.702599,-105.009643
8,69,2503,2620,40.778865,-105.096067
8,69,2600,6317,40.307768,-105.135953
8,69,2700,5192,40.304491,-105.081257
8,69,2801,3189,40.384153,-105.514349
8,69,2802,5861,40.352643,-105.515921
8,69,2803,92,40.371118,-105.571644
8,71,100,3930,37.235198,-104.562784
8,71,200,2371,37.172981,-104.517126
8,71,300,2184,37.140631,-104.716709
8,71,400,2284,37.154475,-104.505602
8,71,500,1972,37.170099,-104.49399
8,71,800,2766,37.259883,-104.242016
8,73,961700,3363,39.253511,-103.669081
8,73,961800,2104,39.044917,-103.525433
8,75,965900,1090,40.909995,-103.000775
8,75,966000,2248,40.622937,-103.277916
8,75,966100,7348,40.634222,-103.227033
8,75,966200,3111,40.634296,-103.203877
8,75,966300,4080,40.613621,-103.221191
8,75,966400,4832,40.618942,-103.08929
8,77,200,2110,39.071007,-108.556299
8,77,300,1362,39.07326,-108.565819
8,77,400,3513,39.084781,-108.572547
8,77,500,2891,39.083292,-108.555841
8,77,601,4246,39.0876,-108.53481
8,77,602,4803,39.081207,-108.536049
8,77,700,4411,39.072099,-108.536752
8,77,800,8230,39.066665,-108.499602
8,77,900,2971,39.092082,-108.590398
8,77,1001,4764,39.098002,-108.536973
8,77,1002,6459,39.102543,-108.568811
8,77,1101,8132,39.089754,-108.506291
8,77,1102,4709,39.091184,-108.489015
8,77,1200,2098,39.051826,-108.441615
8,77,1301,8825,39.044535,-108.543857
8,77,1302,4909,39.036,-108.516172
8,77,1402,5998,39.093591,-108.657359
8,77,1403,3582,39.070866,-108.608644
8,77,1404,4708,39.061679,-108.640337
8,77,1501,12810,39.161705,-108.726201
8,77,1502,7214,39.194099,-108.740007
8,77,1600,3631,39.126233,-108.57355
8,77,1702,4455,39.106644,-108.370708
8,77,1703,4271,39.094086,-108.466848
8,77,1705,5500,39.086836,-108.447196
8,77,1706,6008,39.071045,-108.452033
8,77,1707,5600,39.071948,-108.468156
8,77,1800,3424,39.232891,-108.071221
8,77,1900,5089,38.989909,-108.527346
8,79,973600,712,37.798623,-106.935586
8,81,300,3138,40.524467,-107.572779
8,81,400,4523,40.519335,-107.561953
8,81,500,4526,40.518924,-107.539962
8,81,600,1608,40.475341,-108.150628
8,83,941100,1588,37.209925,-108.723471
8,83,969000,3380,37.461064,-108.49621
8,83,969100,3156,37.351938,-108.31295
8,83,969200,2894,37.475722,-108.694143
8,83,969300,5754,37.362969,-108.575744
8,83,969400,3911,37.34231,-108.584047
8,83,969600,4852,37.342603,-108.578355
8,85,966100,2749,38.246832,-108.546484
8,85,966201,2906,38.603369,-108.036493
8,85,966202,4426,38.600991,-107.944983
8,85,966300,6205,38.485726,-107.871332
8,85,966400,6110,38.469362,-107.858841
8,85,966501,2876,38.428688,-107.807837
8,85,966502,3932,38.467876,-107.837153
8,85,966503,3309,38.508288,-107.861817
8,85,966601,4392,38.470127,-107.895307
8,85,966602,4371,38.453921,-107.931542
8,87,100,2600,40.339305,-103.832119
8,87,200,2595,40.208994,-104.055708
8,87,300,1697,40.26931,-103.843074
8,87,400,4420,40.25774,-103.79728
8,87,500,2425,40.250887,-103.803463
8,87,600,6634,40.238965,-103.802258
8,87,700,5979,40.258279,-103.633313
8,87,800,1809,40.249117,-103.603364
8,89,968000,1617,38.125778,-104.021387
8,89,968100,2718,38.055136,-103.72037
8,89,968200,2708,38.040873,-103.725479
8,89,968300,3819,37.982104,-103.57419
8,89,968400,1119,38.064847,-103.835455
8,89,968500,1832,38.048355,-103.527984
8,89,968600,5018,37.979478,-103.540554
8,91,967600,4436,38.139834,-107.746232
8,93,100,5587,39.481352,-105.480226
8,93,200,3647,39.420947,-105.44388
8,93,300,2694,39.250361,-106.039309
8,93,400,2099,39.206914,-105.842377
8,93,500,2179,38.87077,-105.562172
8,95,967600,3011,40.583174,-102.286405
8,95,967700,1431,40.633904,-102.599923
8,97,100,7681,39.269118,-107.000361
8,97,401,4471,39.194638,-106.819705
8,97,402,2563,39.184785,-106.833134
8,97,500,2433,39.237037,-106.856169
8,99,100,1462,38.160144,-102.658703
8,99,200,2470,38.090701,-102.623787
8,99,300,4975,38.077908,-102.618519
8,99,600,1424,38.05372,-102.140966
8,99,700,2220,38.058184,-102.488572
8,101,100,2692,38.302456,-104.633341
8,101,200,1857,38.290105,-104.638416
8,101,300,1332,38.284473,-104.628981
8,101,400,2602,38.293171,-104.624228
8,101,500,2204,38.290312,-104.612933
8,101,600,2153,38.279735,-104.618721
8,101,800,3031,38.277094,-104.594058
8,101,902,5802,38.291935,-104.579978
8,101,903,777,38.310298,-104.580348
8,101,904,4350,38.297201,-104.593212
8,101,905,2202,38.304034,-104.596395
8,101,1000,4758,38.279888,-104.577648
8,101,1100,2834,38.273009,-104.577868
8,101,1200,2126,38.267307,-104.587816
8,101,1400,1375,38.262843,-104.622313
8,101,1500,2025,38.261963,-104.631188
8,101,1600,1710,38.265569,-104.643353
8,101,1700,4196,38.248048,-104.652721
8,101,1800,2176,38.255722,-104.638269
8,101,1900,1445,38.254679,-104.623134
8,101,2000,2940,38.248327,-104.612304
8,101,2100,1526,38.242143,-104.61862
8,101,2200,1650,38.231066,-104.61615
8,101,2300,3476,38.227424,-104.626659
8,101,2400,1928,38.237773,-104.63097
8,101,2500,2782,38.245907,-104.628662
8,101,2600,3880,38.236049,-104.642142
8,101,2700,5434,38.230379,-104.652855
8,101,2801,5268,38.22148,-104.658998
8,101,2802,3586,38.254819,-104.66922
8,101,2804,4661,37.952138,-104.849787
8,101,2806,3519,38.159138,-104.806885
8,101,2807,4430,38.238547,-104.671588
8,101,2808,2989,38.217048,-104.672863
8,101,2901,2914,38.284555,-104.649625
8,101,2903,5901,38.319203,-104.63174
8,101,2906,3905,38.330766,-104.809843
8,101,2911,2611,38.307437,-104.793059
8,101,2912,1689,38.325655,-104.725016
8,101,2913,3318,38.328029,-104.759109
8,101,2914,3210,38.315272,-104.727304
8,101,2915,2525,38.309502,-104.758025
8,101,2916,3004,38.305589,-104.73396
8,101,2917,2935,38.299847,-104.743256
8,101,2918,6646,38.369757,-104.691825
8,101,3001,1244,38.269242,-104.500336
8,101,3004,2721,38.317227,-104.590968
8,101,3103,1885,38.247228,-104.570109
8,101,3104,2210,38.241179,-104.550276
8,101,3105,3204,38.2421,-104.513284
8,101,3106,1283,38.222468,-104.548543
8,101,3200,3572,38.206394,-104.389311
8,101,3500,2374,38.27149,-104.61008
8,101,3600,2196,38.293437,-104.470154
8,101,980100,0,38.466714,-104.848445
8,103,951100,3858,40.028151,-107.902859
8,103,951200,2808,40.08247,-108.798991
8,105,976700,5323,37.577532,-106.143621
8,105,976800,1930,37.677816,-106.353285
8,105,977000,4729,37.635739,-106.299333
8,107,100,2151,40.62977,-107.006757
8,107,200,1925,40.490616,-107.260687
8,107,300,2335,40.31643,-106.967677
8,107,400,3443,40.507441,-106.884769
8,107,500,3970,40.477467,-106.834412
8,107,600,3139,40.478768,-106.81606
8,107,700,4595,40.449654,-106.80473
8,107,800,1951,40.206603,-106.859971
8,109,977600,3143,38.056103,-105.927142
8,109,977700,2965,37.766049,-106.116994
8,111,972600,699,37.804646,-107.673989
8,113,968101,2239,37.938251,-107.814071
8,113,968102,1620,37.933707,-107.860912
8,113,968103,2006,37.955057,-107.923564
8,113,968200,1494,38.097694,-108.336045
8,115,968300,2379,40.960246,-102.32767
8,117,100,7406,39.647918,-106.088626
8,117,200,7285,39.615338,-106.014497
8,117,300,3676,39.570062,-106.103489
8,117,401,4254,39.477285,-106.051842
8,117,402,5373,39.490807,-106.030746
8,119,10103,7468,39.003421,-105.055018
8,119,10104,1915,38.982826,-105.054781
8,119,10105,6045,38.988159,-105.184316
8,119,10106,4643,38.904025,-105.217157
8,119,10201,2674,38.769007,-105.209672
8,119,10202,605,38.709258,-105.134583
8,121,924100,2149,39.979521,-103.06593
8,121,924200,2665,40.183651,-103.230321
8,123,100,2468,40.420832,-104.692781
8,123,200,3207,40.410246,-104.691095
8,123,300,1869,40.402778,-104.70156
8,123,401,3166,40.408743,-104.706306
8,123,402,3362,40.419284,-104.7042
8,123,501,3128,40.432166,-104.708445
8,123,502,3313,40.426704,-104.703121
8,123,600,1634,40.445856,-104.703906
8,123,701,1602,40.419751,-104.683486
8,123,703,6796,40.401127,-104.670544
8,123,704,661,40.388959,-104.673001
8,123,705,1541,40.404621,-104.639332
8,123,800,3401,40.401622,-104.690707
8,123,900,2806,40.395307,-104.70633
8,123,1003,4718,40.387811,-104.706573
8,123,1004,4433,40.380082,-104.69135
8,123,1005,6459,40.375935,-104.725508
8,123,1006,4431,40.37896,-104.706177
8,123,1100,4503,40.398954,-104.725133
8,123,1201,3802,40.418556,-104.725284
8,123,1202,2785,40.410349,-104.726482
8,123,1300,6458,40.431243,-104.725872
8,123,1404,2613,40.367095,-104.755645
8,123,1405,3781,40.382154,-104.75246
8,123,1406,5306,40.388246,-104.765033
8,123,1407,1933,40.402493,-104.792247
8,123,1408,2046,40.397791,-104.766183
8,123,1409,3267,40.400773,-104.744558
8,123,1410,3005,40.413918,-104.746023
8,123,1411,2433,40.415738,-104.766957
8,123,1412,2309,40.412682,-104.793428
8,123,1413,2791,40.426161,-104.744372
8,123,1414,2152,40.425458,-104.763943
8,123,1415,3736,40.433458,-104.763488
8,123,1416,1999,40.434232,-104.786611
8,123,1417,2294,40.434422,-104.747393
8,123,1500,6547,40.520094,-104.708263
8,123,1600,4346,40.400069,-104.554385
8,123,1700,4653,40.321448,-104.729419
8,123,1800,4222,40.21143,-104.806077
8,123,1902,7743,40.035565,-104.713222
8,123,1905,4322,40.087364,-104.801314
8,123,1906,1502,40.115991,-104.784805
8,123,1907,2775,40.052354,-104.804328
8,123,1908,3000,40.066229,-104.825353
8,123,2004,3729,40.083352,-104.933694
8,123,2005,561,40.045305,-104.963183
8,123,2006,339,40.032278,-104.908452
8,123,2007,5110,40.03759,-105.044826
8,123,2008,4621,40.008382,-105.021472
8,123,2009,1332,40.058561,-105.016663
8,123,2010,1964,40.143599,-104.999974
8,123,2011,334,40.094379,-104.997222
8,123,2012,892,40.121027,-104.967098
8,123,2013,2760,40.118209,-104.951567
8,123,2014,1455,40.097892,-104.933294
8,123,2015,1148,40.092952,-104.919677
8,123,2016,3023,40.110306,-104.933367
8,123,2017,600,40.128207,-104.990109
8,123,2018,893,40.135102,-104.947919
8,123,2019,3413,40.152745,-104.955137
8,123,2020,4990,40.154161,-104.933048
8,123,2021,622,40.14546,-104.918883
8,123,2101,7319,40.342832,-104.853652
8,123,2102,9989,40.332497,-104.928565
8,123,2103,8009,40.227056,-105.00239
8,123,2203,893,40.490176,-104.892872
8,123,2204,2013,40.46102,-104.896711
8,123,2205,4605,40.471553,-104.899162
8,123,2206,3582,40.474054,-104.916564
8,123,2207,1918,40.486598,-104.91971
8,123,2208,4588,40.525038,-104.863882
8,123,2209,904,40.448429,-104.8767
8,123,2210,783,40.445945,-104.922468
8,123,2300,4619,40.596149,-104.756383
8,123,2501,4843,40.666734,-104.515492
8,123,2502,5656,40.098359,-104.529171
8,125,963100,4602,40.045333,-102.242137
8,125,963200,5441,40.08989,-102.694121
